source,domain,length,split,count
Web,General,short,Train,10
Web,General,short,Test,4
Web,General,medium,Train,13
Web,General,medium,Test,5
Web,General,long,Train,6
Web,General,long,Test,2
Web,Technical,medium,Train,4
Web,Technical,long,Train,4
Web,Technical,long,Test,2
Books,General,medium,Train,6
Books,General,medium,Test,2
Books,General,long,Train,9
Books,General,long,Test,3
Books,Technical,long,Train,7
Books,Technical,long,Test,3
Code,Technical,short,Train,8
Code,Technical,short,Test,3
Code,Technical,medium,Train,6
Code,Technical,medium,Test,3
